{"meta": {"f": "darkart.jpg"}, "s": [{"c": [127, 127, 127], "b": [469, 369, 25, 25], "z": 0.3284231424331665, "s": 0.9656488299369812}, {"c": [45, 45, 45], "b": [326, 74, 29, 16], "z": 0.43739068508148193, "s": 0.9417475461959839}, {"c": [32, 32, 32], "b": [293, 75, 91, 117], "z": 0.5812707543373108, "s": 0.9483301639556885}, {"c": [19, 19, 19], "b": [0, 2, 510, 400], "z": 0.35600757598876953, "s": 0.969555139541626}]}