{"meta": {"f": "IMG_20161215_193455.jpg"}, "s": [{"c": [37, 37, 37], "b": [304, 94, 105, 138], "z": 0.7492749094963074, "s": 0.9466263651847839}, {"c": [46, 46, 46], "b": [346, 94, 35, 20], "z": 0.49532845616340637, "s": 0.9401993155479431}, {"c": [20, 20, 20], "b": [0, 0, 511, 511], "z": 0.28676098585128784, "s": 0.983334481716156}]}