{"meta": {"f": "IMG_20161215_193455.jpg"}, "s": [{"c": [46, 46, 46], "b": [691, 188, 73, 43], "z": 0.501852810382843, "s": 0.9602749943733215}, {"c": [48, 48, 48], "b": [741, 204, 20, 201], "z": 0.7523091435432434, "s": 0.9351697564125061}, {"c": [36, 36, 36], "b": [608, 189, 222, 276], "z": 0.7399101853370667, "s": 0.9286543726921082}, {"c": [20, 20, 20], "b": [0, 0, 1023, 1023], "z": 0.3088465929031372, "s": 0.9623890519142151}]}