{"meta": {"f": "PXL_20250419_033027900.RAW-01.COVER~2.jpg"}, "s": [{"c": [122, 121, 126], "b": [141, 150, 14, 38], "z": 0.8172376751899719, "s": 0.9459459185600281}, {"c": [54, 54, 51], "b": [234, 0, 148, 511], "z": 0.2678360342979431, "s": 0.9742175936698914}, {"c": [151, 151, 152], "b": [1, 0, 230, 511], "z": 0.15911467373371124, "s": 0.9217541813850403}]}