{"meta": {"f": "PXL_20230622_131309735.PORTRAIT.ORIGINAL-01-01.jpeg"}, "s": [{"c": [91, 85, 79], "b": [316, 450, 47, 59], "z": 0.8886711001396179, "s": 0.9678540229797363}, {"c": [9, 9, 9], "b": [342, 488, 30, 23], "z": 0.9646822214126587, "s": 0.9743177890777588}, {"c": [19, 18, 17], "b": [1, 0, 371, 511], "z": 0.3736209273338318, "s": 0.9817003607749939}, {"c": [18, 17, 15], "b": [81, 78, 5, 6], "z": 0.09068895131349564, "s": 0.9583333134651184}]}